{
	"id": "5e33c00c-1c24-e141-af1d-f6d519044406",
	"name": "GAE",
	"description": "",
	"order": [
		"fddb2467-22e6-1548-1e4c-a5b7c5c905f8"
	],
	"folders": [
		{
			"name": "Dishes",
			"description": "",
			"collectionId": "5e33c00c-1c24-e141-af1d-f6d519044406",
			"order": [
				"fc9e22ed-b58c-ca13-e496-279089ead920",
				"96ebf2ec-9b5d-a0cd-f49c-5525c406b12c",
				"ca7841ca-da81-4945-dcd3-99aa1de23539",
				"13bf3d60-c612-067c-9ff3-2ede5c56dfad",
				"48e712b5-776b-350e-eaac-c94c7a3fb2e7",
				"0d12ddf0-4cb9-15b7-cdcf-4665db3fc9e4"
			],
			"owner": 0,
			"folders_order": [],
			"id": "4b79af28-3e28-3afe-d372-612105bbcaf6"
		},
		{
			"name": "Restaurants",
			"description": "",
			"collectionId": "5e33c00c-1c24-e141-af1d-f6d519044406",
			"order": [
				"9dbcf389-5c61-70a1-40b1-f33376d31a8b",
				"1f6b54f3-f496-7e07-95e2-02857fbca525",
				"ee193d29-cd03-faf5-eace-8a6eb9385982",
				"fe7c9546-c826-df15-9ad2-044ca5d0a122",
				"059c7222-d0f8-830b-41f5-1945a4d053dd",
				"01725e21-7c03-ba8c-a16c-713c4b0da498"
			],
			"owner": 0,
			"folders_order": [],
			"id": "25a2094f-e7be-a7da-a734-ca4d29b85313"
		}
	],
	"folders_order": [
		"4b79af28-3e28-3afe-d372-612105bbcaf6",
		"25a2094f-e7be-a7da-a734-ca4d29b85313"
	],
	"timestamp": 1503096559859,
	"owner": 0,
	"public": false,
	"requests": [
		{
			"id": "01725e21-7c03-ba8c-a16c-713c4b0da498",
			"headers": "",
			"headerData": [],
			"url": "{{location}}/_ah/api/restauranteendpoint/v1/restaurante",
			"queryParams": [],
			"pathVariables": {},
			"pathVariableData": [],
			"preRequestScript": null,
			"method": "GET",
			"collectionId": "5e33c00c-1c24-e141-af1d-f6d519044406",
			"data": null,
			"dataMode": "params",
			"name": "Get list of restaurants",
			"description": "",
			"descriptionFormat": "html",
			"time": 1503097881202,
			"version": 2,
			"responses": [],
			"tests": null,
			"currentHelper": "normal",
			"helperAttributes": {},
			"folder": "25a2094f-e7be-a7da-a734-ca4d29b85313",
			"collection_id": "5e33c00c-1c24-e141-af1d-f6d519044406"
		},
		{
			"id": "059c7222-d0f8-830b-41f5-1945a4d053dd",
			"headers": "",
			"headerData": [],
			"url": "{{location}}/_ah/api/restauranteendpoint/v1/restaurante/{{rest_id}}",
			"queryParams": [],
			"pathVariables": {},
			"pathVariableData": [],
			"preRequestScript": null,
			"method": "DELETE",
			"collectionId": "5e33c00c-1c24-e141-af1d-f6d519044406",
			"data": null,
			"dataMode": "params",
			"name": "Delete restaurant",
			"description": "",
			"descriptionFormat": "html",
			"time": 1503098117219,
			"version": 2,
			"responses": [],
			"tests": null,
			"currentHelper": "normal",
			"helperAttributes": {},
			"folder": "25a2094f-e7be-a7da-a734-ca4d29b85313",
			"collection_id": "5e33c00c-1c24-e141-af1d-f6d519044406"
		},
		{
			"id": "0d12ddf0-4cb9-15b7-cdcf-4665db3fc9e4",
			"headers": "Content-Type: application/json\n",
			"headerData": [
				{
					"key": "Content-Type",
					"value": "application/json",
					"description": "",
					"enabled": true
				}
			],
			"url": "{{location}}/_ah/api/pratoendpoint/v1/prato",
			"queryParams": [],
			"preRequestScript": null,
			"pathVariables": {},
			"pathVariableData": [],
			"method": "GET",
			"data": [],
			"dataMode": "raw",
			"tests": null,
			"currentHelper": "normal",
			"helperAttributes": {},
			"time": 1503153543124,
			"name": "Get list of dishes",
			"description": "",
			"collectionId": "5e33c00c-1c24-e141-af1d-f6d519044406",
			"responses": [],
			"rawModeData": "{\n  \"descricao\": \"Spaghetti with tomato sauce\",\n  \"id\": \"32\",\n  \"nome\": \"Red pasta\",\n  \"preco\": 30\n}"
		},
		{
			"id": "13bf3d60-c612-067c-9ff3-2ede5c56dfad",
			"headers": "Content-Type: application/json\n",
			"headerData": [
				{
					"key": "Content-Type",
					"value": "application/json",
					"description": "",
					"enabled": true
				}
			],
			"url": "{{location}}/_ah/api/pratoendpoint/v1/prato",
			"queryParams": [],
			"preRequestScript": null,
			"pathVariables": {},
			"pathVariableData": [],
			"method": "PUT",
			"data": [],
			"dataMode": "raw",
			"tests": "let success = responseCode.code === 200;\ntests[\"Creating dishe...\"] = success;\n\nif (success) {\n    let rs = JSON.parse(responseBody);\n    postman.setEnvironmentVariable(\"dishe_id\", rs.id);\n}",
			"currentHelper": "normal",
			"helperAttributes": {},
			"time": 1503153847904,
			"name": "Update dishe",
			"description": "",
			"collectionId": "5e33c00c-1c24-e141-af1d-f6d519044406",
			"responses": [],
			"rawModeData": "{\n  \"descricao\": \"Spaghetti with tomato sauce\",\n  \"id\": {{dishe_id}},\n  \"nome\": \"Red pasta - edit 01\",\n  \"preco\": 30\n}"
		},
		{
			"id": "1f6b54f3-f496-7e07-95e2-02857fbca525",
			"headers": "Content-Type: application/json\n",
			"headerData": [
				{
					"key": "Content-Type",
					"value": "application/json",
					"description": "",
					"enabled": true
				}
			],
			"url": "{{location}}/_ah/api/restauranteendpoint/v1/restaurante",
			"queryParams": [],
			"preRequestScript": "",
			"pathVariables": {},
			"pathVariableData": [],
			"method": "POST",
			"data": [],
			"dataMode": "raw",
			"version": 2,
			"tests": "let success = responseCode.code === 200;\ntests[\"Creating restaurant...\"] = success;\n\nif (success) {\n    let rs = JSON.parse(responseBody);\n    postman.setEnvironmentVariable(\"rest_id\", rs.id);\n}",
			"currentHelper": "normal",
			"helperAttributes": {},
			"time": 1503611256130,
			"name": "Post restaurant",
			"description": "",
			"collectionId": "5e33c00c-1c24-e141-af1d-f6d519044406",
			"responses": [],
			"rawModeData": "{\n  \"endereco\": \"First avenue, 510, NY\",\n  \"id\": \"10\",\n  \"name\": \"Outback\",\n  \"telefone\": 4443323\n}"
		},
		{
			"id": "48e712b5-776b-350e-eaac-c94c7a3fb2e7",
			"headers": "Content-Type: application/json\n",
			"headerData": [
				{
					"key": "Content-Type",
					"value": "application/json",
					"description": "",
					"enabled": true
				}
			],
			"url": "{{location}}/_ah/api/pratoendpoint/v1/prato/{{dishe_id}}",
			"queryParams": [],
			"preRequestScript": null,
			"pathVariables": {},
			"pathVariableData": [],
			"method": "DELETE",
			"data": [],
			"dataMode": "raw",
			"version": 2,
			"tests": null,
			"currentHelper": "normal",
			"helperAttributes": {},
			"time": 1503153488199,
			"name": "Delete dishe",
			"description": "",
			"collectionId": "5e33c00c-1c24-e141-af1d-f6d519044406",
			"responses": [],
			"rawModeData": "{\n  \"descricao\": \"Spaghetti with tomato sauce\",\n  \"id\": {{dishe_id}},\n  \"nome\": \"Red pasta\",\n  \"preco\": 30\n}"
		},
		{
			"id": "96ebf2ec-9b5d-a0cd-f49c-5525c406b12c",
			"headers": "Content-Type: application/json\n",
			"headerData": [
				{
					"key": "Content-Type",
					"value": "application/json",
					"description": "",
					"enabled": true
				}
			],
			"url": "{{location}}/_ah/api/pratoendpoint/v1/prato",
			"queryParams": [],
			"preRequestScript": null,
			"pathVariables": {},
			"pathVariableData": [],
			"method": "POST",
			"data": [],
			"dataMode": "raw",
			"tests": "let success = responseCode.code === 200;\ntests[\"Creating dishe...\"] = success;\n\nif (success) {\n    let rs = JSON.parse(responseBody);\n    postman.setEnvironmentVariable(\"dishe_id\", rs.id);\n}",
			"currentHelper": "normal",
			"helperAttributes": {},
			"time": 1503611360175,
			"name": "Post dishe",
			"description": "",
			"collectionId": "5e33c00c-1c24-e141-af1d-f6d519044406",
			"responses": [],
			"rawModeData": "{\n  \"descricao\": \"Spaghetti with tomato sauce\",\n  \"id\": \"12\",\n  \"nome\": \"Red pasta\",\n  \"preco\": 30\n}"
		},
		{
			"id": "9dbcf389-5c61-70a1-40b1-f33376d31a8b",
			"headers": "",
			"headerData": [],
			"url": "{{location}}/_ah/api/discovery/v1/apis/restauranteendpoint/v1/rest",
			"queryParams": [],
			"preRequestScript": null,
			"pathVariables": {},
			"pathVariableData": [],
			"method": "GET",
			"data": null,
			"dataMode": "params",
			"version": 2,
			"tests": null,
			"currentHelper": "normal",
			"helperAttributes": {},
			"time": 1503097707920,
			"name": "Get restaurants API",
			"description": "",
			"collectionId": "5e33c00c-1c24-e141-af1d-f6d519044406",
			"responses": [],
			"isFromCollection": true,
			"folder": "25a2094f-e7be-a7da-a734-ca4d29b85313",
			"collection_id": "5e33c00c-1c24-e141-af1d-f6d519044406"
		},
		{
			"id": "ca7841ca-da81-4945-dcd3-99aa1de23539",
			"headers": "Content-Type: application/json\n",
			"headerData": [
				{
					"key": "Content-Type",
					"value": "application/json",
					"description": "",
					"enabled": true
				}
			],
			"url": "{{location}}/_ah/api/pratoendpoint/v1/prato/{{dishe_id}}",
			"queryParams": [],
			"preRequestScript": null,
			"pathVariables": {},
			"pathVariableData": [],
			"method": "GET",
			"data": [],
			"dataMode": "raw",
			"version": 2,
			"tests": null,
			"currentHelper": "normal",
			"helperAttributes": {},
			"time": 1503153259765,
			"name": "Get dishe",
			"description": "",
			"collectionId": "5e33c00c-1c24-e141-af1d-f6d519044406",
			"responses": [],
			"rawModeData": "{\n  \"descricao\": \"Spaghetti with tomato sauce\",\n  \"id\": \"32\",\n  \"nome\": \"Red pasta\",\n  \"preco\": 30\n}"
		},
		{
			"id": "ee193d29-cd03-faf5-eace-8a6eb9385982",
			"headers": "",
			"headerData": [],
			"url": "{{location}}/_ah/api/restauranteendpoint/v1/restaurante/{{rest_id}}",
			"queryParams": [],
			"pathVariables": {},
			"pathVariableData": [],
			"preRequestScript": null,
			"method": "GET",
			"collectionId": "5e33c00c-1c24-e141-af1d-f6d519044406",
			"data": null,
			"dataMode": "params",
			"name": "Get restaurant",
			"description": "",
			"descriptionFormat": "html",
			"time": 1503097913129,
			"version": 2,
			"responses": [],
			"tests": null,
			"currentHelper": "normal",
			"helperAttributes": {},
			"folder": "25a2094f-e7be-a7da-a734-ca4d29b85313",
			"collection_id": "5e33c00c-1c24-e141-af1d-f6d519044406"
		},
		{
			"id": "fc9e22ed-b58c-ca13-e496-279089ead920",
			"headers": "",
			"headerData": [],
			"url": "{{location}}/_ah/api/discovery/v1/apis/pratoendpoint/v1/rest",
			"queryParams": [],
			"preRequestScript": null,
			"pathVariables": {},
			"pathVariableData": [],
			"method": "GET",
			"data": null,
			"dataMode": "params",
			"version": 2,
			"tests": null,
			"currentHelper": "normal",
			"helperAttributes": {},
			"time": 1503097699663,
			"name": "Get dishes API",
			"description": "",
			"collectionId": "5e33c00c-1c24-e141-af1d-f6d519044406",
			"responses": [],
			"isFromCollection": true,
			"folder": "4b79af28-3e28-3afe-d372-612105bbcaf6",
			"collection_id": "5e33c00c-1c24-e141-af1d-f6d519044406"
		},
		{
			"id": "fddb2467-22e6-1548-1e4c-a5b7c5c905f8",
			"headers": "",
			"headerData": [],
			"url": "https://inf332-176902.appspot.com/_ah/api/discovery/v1/apis/",
			"queryParams": [],
			"preRequestScript": "postman.setEnvironmentVariable(\"location\", \"https://inf332-176902.appspot.com\");",
			"pathVariables": {},
			"pathVariableData": [],
			"method": "GET",
			"data": null,
			"dataMode": "params",
			"tests": null,
			"currentHelper": "normal",
			"helperAttributes": {},
			"time": 1503098766497,
			"name": "Get services",
			"description": "",
			"collectionId": "5e33c00c-1c24-e141-af1d-f6d519044406",
			"responses": [],
			"collection_id": "5e33c00c-1c24-e141-af1d-f6d519044406",
			"isFromCollection": true,
			"collectionRequestId": "fddb2467-22e6-1548-1e4c-a5b7c5c905f8"
		},
		{
			"id": "fe7c9546-c826-df15-9ad2-044ca5d0a122",
			"headers": "Content-Type: application/json\n",
			"headerData": [
				{
					"key": "Content-Type",
					"value": "application/json",
					"description": "",
					"enabled": true
				}
			],
			"url": "{{location}}/_ah/api/restauranteendpoint/v1/restaurante",
			"queryParams": [],
			"preRequestScript": null,
			"pathVariables": {},
			"pathVariableData": [],
			"method": "PUT",
			"data": [],
			"dataMode": "raw",
			"tests": null,
			"currentHelper": "normal",
			"helperAttributes": {},
			"time": 1503098677947,
			"name": "Update restaurant",
			"description": "",
			"collectionId": "5e33c00c-1c24-e141-af1d-f6d519044406",
			"responses": [],
			"rawModeData": "{\n  \"endereco\": \"First avenue, 123, NY\",\n  \"id\": {{rest_id}},\n  \"name\": \"NX-Japan\",\n  \"telefone\": 5553323\n}",
			"collection_id": "5e33c00c-1c24-e141-af1d-f6d519044406",
			"folder": "25a2094f-e7be-a7da-a734-ca4d29b85313"
		}
	]
}